agency_cd,site_no,station_nm,site_tp_cd,lat_va,long_va,dec_lat_va,dec_long_va,coord_meth_cd,coord_acy_cd,coord_datum_cd,dec_coord_datum_cd,district_cd,state_cd,county_cd,country_cd,land_net_ds,map_nm,map_scale_fc,alt_va,alt_meth_cd,alt_acy_va,alt_datum_cd,huc_cd,basin_cd,topo_cd,instruments_cd,construction_dt,inventory_dt,drain_area_va,contrib_drain_area_va,tz_cd,local_time_fg,reliability_cd,gw_file_cd,nat_aqfr_cd,aqfr_cd,aqfr_type_cd,well_depth_va,hole_depth_va,depth_src_cd,project_no
USGS,06613950,"HELL CREEK ABV NF NORTH PLATTE RIVER NR WALDEN, CO",ST,404357.8,1062530.16,40.7327222,-106.4250444,N,S,NAD83,NAD83,08,08,057,US,  SESWS19 T09N  R80W  6,"DELANEY BUTTE, CO",  24000,8010,N,4.3,NAVD88,10180001,NA,NA,NNNNNNNNNNNNNNNNNNNNNNNNNNNNNN,NA,20140815,12.6,NA,MST,Y,NA, Y,NA,NA,NA,NA,NA,NA,NA
USGS,06711565,"SOUTH PLATTE RIVER AT ENGLEWOOD, CO.",ST,393954,1050013,39.66498738,-105.004149,M,M,NAD27,NAD83,08,08,005,US,  NWNES33 T004S R068W,NA,NA,5250,M,10,NGVD29,10190002,NA,NA,NNNNYNNNNNNNNNNNNNNNNNNNNNNNNN,NA,NA,3391,NA,MST,Y,NA,NYNNNNNN,NA,NA,NA,NA,NA,NA,NA
USGS,06714215,"SOUTH PLATTE R AT 64TH AVE. COMMERCE CITY, CO.",ST,394844,1045728,39.81220846,-104.9583129,M,F,NAD27,NAD83,08,08,001,US,  NWNWS12 T003S R068W,NA,NA,5105,U,15,NGVD29,10190003,NA,NA,NNNNYNNNNNNNNNNNNNNNNNNNNNNNNN,NA,NA,3895,NA,MST,Y,NA,NYNNNNNN,NA,NA,NA,NA,NA,NA,NA
USGS,07086000,"ARKANSAS RIVER AT GRANITE, CO.",ST,390234,1061555,39.04277116,-106.2658553,M,F,NAD27,NAD83,08,08,015,US,  SESWS31 T011S R079W,NA,NA,8914.86,U,15,NGVD29,11020001,NA,NA,NNNNYNNNNNNNNNNNNNNNNNNNNNNNNN,NA,NA,427,NA,MST,Y,NA,NNNNNNNN,NA,NA,NA,NA,NA,NA,NA
USGS,07091200,"ARKANSAS RIVER NEAR NATHROP, CO",ST,383908,1060302,38.6522188,-106.051126,M,F,NAD27,NAD83,08,08,015,US,  SESWS23 T051N R008E,"NATHROP, CO",  24000,7350,M,15,NGVD29,11020001,NA,NA,NNNNYNNNNNNNNNNNNNNNNNNNNNNNNN,NA,NA,1055,NA,MST,Y,NA,NYNNNNNN,NA,NA,NA,NA,NA,NA,NA
USGS,07094500,"ARKANSAS RIVER AT PARKDALE, CO.",ST,382914,1052223,38.4872189,-105.373604,M,F,NAD27,NAD83,08,08,043,US,  NENWS18 T018S R071W,NA,NA,5714.3,W,0.1,NAVD88,11020001,NA,NA,NNNNYNNNNNNNNNNNNNNNNNNNNNNNNN,NA,NA,2459,NA,MST,Y,NA,YYNNNNNN,NA,NA,NA,NA,NA,NA,NA
USGS,07096000,"ARKANSAS RIVER AT CANON CITY, CO.",ST,382602,1051524,38.43388674,-105.2572128,M,F,NAD27,NAD83,08,08,043,US,  SESES31 T018S R070W,NA,NA,5342.13,U,15,NGVD29,11020002,NA,NA,NNNNYNNNNNNNNNNNNNNNNNNNNNNNNN,NA,NA,3117,NA,MST,Y,NA,NNNNNNNN,NA,NA,NA,NA,NA,NA,NA
USGS,07097000,"ARKANSAS RIVER AT PORTLAND, CO.",ST,382318,1050056,38.38833418,-105.0160961,M,F,NAD27,NAD83,08,08,043,US,  NENES20 T019S R068W,NA,NA,5021.59,U,15,NGVD29,11020002,NA,NA,NNNNYNNNNNNNNNNNNNNNNNNNNNNNNN,NA,NA,4024,NA,MST,Y,NA,NNNNNNNN,NA,NA,NA,NA,NA,NA,NA
USGS,07099970,"ARKANSAS RIVER AT MOFFAT STREET AT PUEBLO, CO",ST,381513,1043620,38.25361396,-104.6060854,M,F,NAD27,NAD83,08,08,101,US,  SWNWS06 T021S R064W,NE PUEBLO,  24000,4653,M,15,NGVD29,11020002,NA,C,YNNNYNNNNNNNNNNNNNNNNNNNNNNNNN,NA,19881001,4720,NA,MST,Y,NA,NYNNNNNN,NA,NA,NA,NA,NA,NA,460800340
USGS,07106000,"FOUNTAIN CREEK NEAR FOUNTAIN, CO.",ST,383606,1044011,38.6016647,-104.6702503,M,F,NAD27,NAD83,08,08,041,US,  SWNES04 T017S R065W,NA,NA,5355,U,15,NGVD29,11020003,NA,NA,NNNNYNNNNNNNNNNNNNNNNNNNNNNNNN,NA,NA,672,NA,MST,Y,NA,NYNNNNNN,NA,NA,NA,NA,NA,NA,NA
USGS,07106500,"FOUNTAIN CREEK AT PUEBLO, CO.",ST,381716,1043602,38.2877801,-104.6010849,M,F,NAD27,NAD83,08,08,101,US,  SESWS19 T020S R064W,NA,NA,4705,U,15,NGVD29,11020003,NA,NA,NNNNYNNNNNNNNNNNNNNNNNNNNNNNNN,NA,NA,925,NA,MST,Y,NA,NYNNNNNN,NA,NA,NA,NA,NA,NA,NA
USGS,07109500,"ARKANSAS RIVER NEAR AVONDALE, CO.",ST,381453,1042355,38.24805799,-104.3991356,M,F,NAD27,NAD83,08,08,101,US,  NESWS01 T021S R063W,NA,NA,4509.53,U,15,NGVD29,11020002,NA,NA,NNNNYNNNNNNNNNNNNNNNNNNNNNNNNN,NA,NA,6254,NA,MST,Y,NA,NYNNNNNN,NA,NA,NA,NA,NA,NA,NA
USGS,07119700,"ARKANSAS RIVER AT CATLIN DAM, NEAR FOWLER, CO.",ST,380733,1035441,38.12583934,-103.9119006,M,F,NAD27,NAD83,08,08,089,US,  NENES20 T022S R058W,NA,NA,4245.92,L,0.01,NGVD29,11020005,NA,NA,NNNNYNNNNNNNNNNNNNNNNNNNNNNNNN,NA,NA,10901,10847,MST,Y,NA,NNNNNNNN,NA,NA,NA,NA,NA,NA,NA
USGS,09014050,"GRAND LAKE OUTLET BLW CHIPMUNK LN AT GRAND LK, CO",ST,401446,1054943.8,40.2461111,-105.8288333,N,5,NAD83,NAD83,08,08,049,US,SENESES06 T003N R075W,"SHADOW MOUNTAIN, CO",  24000,8365,M,15,NGVD29,14010001,09,NA,NNNNYNNNNNNNNNNNNNNNNNNNNNNNNN,NA,NA,76.4,NA,MST,Y,C,NA,NA,NA,NA,NA,NA,NA,858200320
USGS,09027100,"FRASER RIVER AT TABERNASH, CO",ST,395925.2,1054947.2,39.9903333,-105.8297778,N,5,NAD83,NAD83,08,08,049,US,  SWNWS06 T001S R075W,"FRASER, CO",  24000,8350,M,20,NGVD29,14010001,09,NA,NNNNYYNNNYNNNNNNNNNNNNNNNNNNNN,NA,NA,115,NA,MST,Y,NA,NNNNNNNN,NA,NA,NA,NA,NA,NA,460800320
USGS,09032000,"RANCH CREEK NEAR FRASER, CO.",ST,395700,1054554,39.94998694,-105.7655627,M,M,NAD27,NAD83,08,08,049,US,  NWNES22 T001S R075W,NA,NA,8660,M,10,NGVD29,14010001,NA,NA,NNNNYNNNNNNNNNNNNNNNNNNNNNNNNN,NA,NA,20,NA,MST,Y,NA,NYNNNNNN,NA,NA,NA,NA,NA,NA,NA
USGS,09033100,"RANCH CREEK BLW MEADOW CR NR TABERNASH, CO",ST,395956.71,1054935.61,39.9990861,-105.8265583,N,U,NAD83,NAD83,08,08,049,US,      S06 T01S  R75W  6,"FRASER, CO",  24000,8343,N,1.6,NAVD88,14010001,09,NA,YNNNYNNNNNNNNNNNNNNNNNNNNNNNNN,NA,NA,66,NA,MST,Y,NA,NYNNNNNN,NA,NA,NA,NA,NA,NA,460800120
USGS,09033300,FRASER RIVER BLW CROOKED CR AT TABERNASH CO,ST,400024.81,1055053.78,40.00689167,-105.8482722,M,M,NAD83,NAD83,08,08,049,US,  SWNES36 T01N  R76W  6,"STRAWBERRY LAKE, CO",  24000,8274,N,1.6,NAVD88,14010001,09,NA,YNNNYNNNNNNYNNNNNNNNNNNNNNNNNN,NA,NA,224,NA,MST,Y,NA,NYNNNNNN,NA,NA,NA,NA,NA,NA,460800120
USGS,09034250,"COLORADO RIVER AT WINDY GAP, NEAR GRANBY, CO.",ST,400630,1060013,40.108319,-106.0041847,M,F,NAD27,NAD83,08,08,049,US,    NWS27 T002N R077W,NA,NA,7790,U,15,NGVD29,14010001,NA,NA,NNNNYNNNNNNNNNNNNNNNNNNNNNNNNN,NA,NA,788,NA,MST,Y,NA,NYNNNNNN,NA,NA,NA,NA,NA,NA,NA
USGS,09041090,"MUDDY CREEK ABOVE ANTELOPE CREEK NR. KREMMLING, CO",ST,401209,1062519,40.2024844,-106.4225335,M,F,NAD27,NAD83,08,08,049,US,  SESES23 T003N R081W,NA,NA,7520,U,15,NGVD29,14010001,NA,C,YNNNYNNNNNYNNNNNNNNNNNNNNNNNNN,NA,NA,145,NA,MST,Y,NA,NYNNNNNN,NA,NA,NA,NA,NA,NA,NA
USGS,09060799,"COLORADO RIVER AT CATAMOUNT BRIDGE, CO",ST,395327.96,1064954.1,39.8911,-106.8316944,N,M,NAD83,NAD83,08,08,037,US,  SWSWS08 T02S  R84W  6,"BLUE HILL, CO",  24000,6544,N,4.3,NAVD88,14010001,09,NA,YNNNYNNNNNNNNNNNNNNNNNNNNNNNNN,NA,NA,2930,NA,MST,Y,C,NYNNNNNN,NA,NA,NA,NA,NA,NA,NA
USGS,09064600,"EAGLE RIVER NEAR MINTURN, CO",ST,393314,1062407,39.55387495,-106.402529,M,S,NAD27,NAD83,08,08,037,US,      S   T006S R081W,"MINTURN, CO",  24000,8078.37,L,0.01,NGVD29,14010003,NA,G,YNNNYNNNNNNNNNNNNNNNNNNNNNNNNN,NA,NA,186,186,MST,Y,NA,NYNNNNNN,NA,NA,NA,NA,NA,NA,NA
USGS,09066510,"GORE CREEK AT MOUTH NEAR MINTURN, CO",ST,393634,1062650,39.60943048,-106.447808,M,M,NAD27,NAD83,08,08,037,US,  NENWS22 T005S R081W,"MINTURN, CO",  24000,7730,M,20,NGVD29,14010003,09,C,YNNNYNNNNNYNNNNNNNNNNNNNNNNNNN,NA,NA,102,NA,MST,Y,NA,NYNNNNNN,NA,NA,NA,NA,NA,NA,460800120
USGS,09075400,"CASTLE CREEK AT ASPEN, CO",ST,391137.8,1065001.2,39.1938333,-106.8336667,G,S,NAD83,NAD83,08,08,097,US,      S12 T10S  R85W  6,"ASPEN, CO",  24000,7882,N,4.3,NAVD88,14010004,09,NA,NNNNNNNNNNNNNNNNNNNNNNNNNNNNNN,NA,20120426,72,NA,MST,Y,NA, Y,NA,NA,NA,NA,NA,NA,000011000
USGS,09110000,"TAYLOR RIVER AT ALMONT, CO.",ST,383952,1065041,38.66443715,-106.8453172,M,F,NAD27,NAD83,08,08,051,US,  NWSES22 T051N R001E,NA,NA,8010.76,U,15,NGVD29,14020001,NA,NA,NNNNYNNNNNNNNNNNNNNNNNNNNNNNNN,NA,NA,476,NA,MST,Y,NA,NYNNNNNN,NA,NA,NA,NA,NA,NA,NA
USGS,09114520,"GUNNISON RIVER AT GUNNISON WHITEWATER PARK, CO",ST,383159.78,1065656.71,38.5332722,-106.9490861,N,F,NAD83,NAD83,08,08,051,US,  SWSWS02 T49N  R01W  N,"GUNNISON, CO",  24000,7649,N,4.3,NAVD88,14020002,09,NA,YNNNYNNNNNNNNNNNNNNNNNNNNNNNNN,NA,NA,1010,NA,MST,Y,C, Y,NA,NA,NA,NA,NA,NA,000011000
USGS,09119000,"TOMICHI CREEK AT GUNNISON, CO",ST,383116,1065627.45,38.5211111,-106.9409583,M,5,NAD83,NAD83,08,08,051,US,  NESWS11 T049N R001W,"GUNNISON, CO",  24000,7628.58,M,20,NGVD29,14020003,NA,NA,NNNNYNNNNNNNNNNNNNNNNNNNNNNNNN,NA,NA,1061,1061,MST,Y,NA,NYNNNNNN,NA,NA,NA,NA,NA,NA,NA
USGS,09124500,"LAKE FORK AT GATEVIEW, CO.",ST,381756,1071346,38.2988834,-107.2300557,M,F,NAD27,NAD83,08,08,051,US,  SENES29 T047N R003W,NA,NA,7827.66,U,15,NGVD29,14020002,NA,NA,NNNNYNNNNNNNNNNNNNNNNNNNNNNNNN,NA,NA,339,NA,MST,Y,NA,NYNNNNNN,NA,NA,NA,NA,NA,NA,NA
USGS,09132095,ANTHRACITE CREEK ABOVE MOUTH NEAR SOMERSET,ST,385614,1072130,38.9372222,-107.3583333,N,U,NAD83,NAD83,08,08,051,US,      S08 T13S  R89W  6,"PAONIA RESERVOIR, CO",  24000,6280,N,4.3,NAVD88,14020004,09,NA,YNNNYNNNNYNNNNNNNNNNNNNNNNNNNN,NA,NA,233,NA,MST,Y,C, Y,NA,NA,NA,NA,NA,NA,GRANDJCT
USGS,09136100,"NORTH FK GUNNISON RIVER ABOVE MOUTH NR LAZEAR, CO",ST,384706.6,1075000.3,38.78516667,-107.8334167,G,S,NAD83,NAD83,08,08,029,US,  NWNWS06 T015S R093W,"LAZEAR, CO",  24000,5100,M,15,NGVD29,14020004,NA,NA,NNNNYNYNNYNNNNNNNNNNNNNNNNNNNN,NA,NA,969,NA,MST,Y,NA,NYNNNNNN,NA,NA,NA,NA,NA,NA,858200110
USGS,09144250,"GUNNISON RIVER AT DELTA, CO",ST,384511,1080440,38.75303944,-108.078403,M,S,NAD27,NAD83,08,08,029,US,  NWNWS13 T015S R096W,"NORTH DELTA, CO",  24000,4910,M,10,NGVD29,14020005,09,NA,NNNNYNNNNNNNNNNNNNNNNNNNNNNNNN,NA,NA,5636,NA,MST,Y,NA,NYNNNNNN,NA,NA,NA,NA,NA,NA,460800110
USGS,09149500,"UNCOMPAHGRE RIVER AT DELTA, CO",ST,384431,1080449.5,38.74194444,-108.0804167,N,S,NAD83,NAD83,08,08,029,US,  SWSWS13 T015S R096W,"DELTA, CO",  24000,4926.49,L,2,NGVD29,14020006,09,C,NNNNYNNNNNNNNNNNNNNNNNNNNNNNNN,NA,NA,1114,NA,MST,Y,NA,NYNNNNNN,NA,NA,NA,NA,NA,NA,460800310
USGS,09163500,COLORADO RIVER NEAR COLORADO-UTAH STATE LINE,ST,390758,1090135,39.13276047,-109.0270546,M,S,NAD27,NAD83,08,08,077,US,  SENWS05 T011S R104W,"BITTER CREEK WELL,CO",  24000,4325,M,20,NGVD29,14010005,NA,NA,NNNNYNYNNNNNNNNNNNNNNNNNNNNNNN,NA,NA,17849,NA,MST,Y,NA,NYNNNNNN,NA,NA,NA,NA,NA,NA,460800110
USGS,09171100,"DOLORES RIVER NEAR BEDROCK, CO.",ST,382125,1084958,38.3569337,-108.8334347,M,F,NAD27,NAD83,08,08,085,US,  NESES03 T047N R018W,NA,NA,4910,M,20,NGVD29,14030002,NA,NA,NNNNYNNNNNNNNNNNNNNNNNNNNNNNNN,NA,NA,2147,NA,MST,Y,NA,NYNNNNNN,NA,NA,NA,NA,NA,NA,NA
USGS,09239500,"YAMPA RIVER AT STEAMBOAT SPRINGS, CO",ST,402858.75,1064956.75,40.4829861,-106.8324306,M,S,NAD83,NAD83,08,08,107,US,  NWNES17 T006N R084W,"STEAMBOAT SPRINGS,CO",  24000,6695.47,L,2,NGVD29,14050001,NA,C,NNNNYNNNNNNNNNNNNNNNNNNNNNNNNN,NA,NA,567,NA,MST,Y,NA,NYNNNNNN,NA,NA,NA,NA,NA,NA,858200110
USGS,09304200,"WHITE RIVER ABOVE COAL CREEK NEAR MEEKER, CO",ST,400018,1074929,40.00497428,-107.8253486,M,F,NAD27,NAD83,08,08,103,US,  NWNWS03 T001S R093W,"RATTLESNAKE MESA, CO",  24000,6400,M,15,NGVD29,14050005,09,NA,NNNNYNNNNNNNNNNNNNNNNNNNNNNNNN,NA,NA,648,NA,MST,Y,NA,NYNNNNNN,NA,NA,NA,NA,NA,NA,NA
USGS,09304800,"WHITE RIVER BELOW MEEKER, CO",ST,400121.3,1080711.8,40.0225833,-108.1199444,N,5,NAD83,NAD83,08,08,103,US,  SWSWS25 T001N R096W,"BUCKSKIN POINT, CO",  24000,5900,M,20,NGVD29,14050005,09,NA,NNNNYNNNNNNNNNNNNNNNNNNNNNNNNN,NA,NA,1042,NA,MST,Y,NA,NYNNNNNN,NA,NA,NA,NA,NA,NA,NA
USGS,09306200,"PICEANCE CREEK BL RYAN GULCH, NR RIO BLANCO, CO.",ST,395516,1081749,39.9210833,-108.2975876,M,F,NAD27,NAD83,08,08,103,US,  SENES32 T001S R097W,NA,NA,6070,U,15,NGVD29,14050006,NA,NA,NNNNYNNNNNNNNNNNNNNNNNNNNNNNNN,NA,NA,506,NA,MST,Y,NA,NYNNNNNN,NA,NA,NA,NA,NA,NA,NA
USGS,09306222,"PICEANCE CREEK AT WHITE RIVER, CO",ST,400441,1081409,40.0780264,-108.2364753,M,S,NAD27,NAD83,08,08,103,US,  SESES02 T001N R097W,"WHITE RIVER CITY, CO",  24000,5730,M,10,NGVD29,14050006,NA,NA,NNNNYNNNNNNNNNNNNNNNNNNNNNNNNN,NA,NA,652,NA,MST,Y,NA,NYNNNNNN,NA,NA,NA,NA,NA,NA,460800110
USGS,09306224,"WHITE RIV AB CROOKED WASH NR WHITE RIVER CITY, CO",ST,400945,1082042,40.1625,-108.345,G,S,NAD83,NAD83,08,08,103,US,NENWNWS12 T002N R098W,"SMIZER GULCH, CO",  24000,5590,M,10,NGVD29,14050005,NA,NA,NNNNNNNNNNNNNNNNNNNNNNNNNNNNNN,NA,NA,1821,NA,MST,Y,NA,NYNNNNNN,NA,NA,NA,NA,NA,NA,NA
USGS,09306255,"YELLOW CREEK NEAR WHITE RIVER, CO.",ST,401007,1082402,40.1685813,-108.4012046,M,F,NAD27,NAD83,08,08,103,US,  NESWS04 T002N R098W,NA,NA,5535,U,15,NGVD29,14050006,NA,NA,NNNNYNNNNNNNNNNNNNNNNNNNNNNNNN,NA,NA,262,NA,MST,Y,NA,NYNNNNNN,NA,NA,NA,NA,NA,NA,NA
USGS,09306290,"WHITE RIVER BELOW BOISE CREEK, NEAR RANGELY, CO.",ST,401047,1083353,40.17969335,-108.5653775,M,S,NAD27,NAD83,08,08,103,US,  SWSES36 T003N R100W,NA,NA,5395,M,10,NGVD29,14050007,NA,NA,NNNNYNNNNNNNNNNNNNNNNNNNNNNNNN,NA,NA,2530,NA,MST,Y,NA,NYNNNNNN,NA,NA,NA,NA,NA,NA,460800110
USGS,09352900,"VALLECITO CREEK NEAR BAYFIELD, CO.",ST,372839,1073235,37.47750126,-107.5436688,M,M,NAD27,NAD83,08,08,067,US,  NENWS16 T037N R006W,NA,NA,7906.08,M,10,NGVD29,14080101,NA,NA,NNNNYNNNNNNNNNNNNNNNNNNNNNNNNN,NA,NA,72.5,NA,MST,Y,NA,NYNNNNNN,NA,NA,NA,NA,NA,NA,NA
USGS,09358000,"ANIMAS RIVER AT SILVERTON, CO.",ST,374840,1073931,37.8111077,-107.6592278,M,S,NAD27,NAD83,08,08,111,US,  SENWS17 T041N R007W,NA,NA,9290,M,10,NGVD29,14080104,NA,NA,NNNNYNNNNNNNNNNNNNNNNNNNNNNNNN,NA,NA,70.6,NA,MST,Y,NA,NYNNNNNN,NA,NA,NA,NA,NA,NA,460800110
USGS,09358550,"CEMENT CREEK AT SILVERTON, CO",ST,374911,1073947,37.8197187,-107.6636723,M,F,NAD27,NAD83,08,08,111,US,  SWSWS08 T041N R007W,"SILVERTON, CO",  24000,9380,U,15,NGVD29,14080104,NA,NA,YYNNYNNNNNYNNNNNNNNNNNNNNNNNNN,NA,NA,20.1,NA,MST,Y,NA,NYNNNNNN,NA,NA,NA,NA,NA,NA,460800110
USGS,09359010,"MINERAL CREEK AT SILVERTON, CO",ST,374810,1074020,37.8027744,-107.6728392,M,S,NAD27,NAD83,08,08,111,US,  NWNES19 T041N R007W,"SILVERTON,CO",  24000,9245.98,L,0.01,NGVD29,14080104,NA,NA,YYNNYNNNNNYNNNNNNNNNNNNNNNNNNN,NA,NA,52.3,NA,MST,Y,NA,NYNNNNNN,NA,NA,NA,NA,NA,NA,460800110
USGS,09359020,"ANIMAS RIVER BELOW SILVERTON, CO",ST,374718,1074005.6,37.7883333,-107.6682222,N,F,NAD83,NAD83,08,08,111,US,      S20 T41N  R07W  N,"SILVERTON, CO",  24000,9199,N,4.3,NAVD88,14080104,NA,NA,YYNNYNNNNNYNNNNNNNNNNNNNNNNNNN,NA,NA,146,NA,MST,Y,NA,NYNNNNNN,NA,NA,NA,NA,NA,NA,460800110
USGS,09361500,"ANIMAS RIVER AT DURANGO, CO",ST,371645,1075247,37.2791688,-107.8803445,M,F,NAD27,NAD83,08,08,067,US,  SWSWS20 T035N R009W,"DURANGO WEST, CO",  24000,6501.57,L,3,NGVD29,14080104,NA,NA,NNNNYNNNNNNNNNNNNNNNNNNNNNNNNN,NA,NA,701,NA,MST,Y,NA,NYNNNNNN,NA,NA,NA,NA,NA,NA,NA
USGS,09363500,"ANIMAS RIVER NEAR CEDAR HILL, NM",ST,370211.65,1075231.2,37.03656944,-107.8753333,N,S,NAD83,NAD83,35,08,067,US,      S07 T032N R009W,"BONDAD HILL, CO",  24000,5960,M,10,NGVD29,14080104,09,NA,NNNNYNNNNNNNNNNNNNNNNNNNNNNNNN,NA,NA,1090,NA,MST,Y,NA,NYNNNNNN,NA,NA,NA,NA,NA,NA,NA
USGS,09371010,"SAN JUAN RIVER AT FOUR CORNERS, CO",ST,370004.1,1090146.5,37.00113889,-109.0295833,N,S,NAD83,NAD83,35,08,083,US,NA,NA,NA,4600,M,10,NGVD29,14080201,NA,NA,NNNNYNNNNNNNNNNNNNNNNNNNNNNNNN,NA,NA,14600,NA,MST,Y,NA,NNNNNNNN,NA,NA,NA,NA,NA,NA,863700101
USGS,383926107593001,LOUTSENHIZER ARROYO AT HWY 50 NEAR OLATHE CO,ST,383926,1075930,38.657207,-107.9922886,M,S,NAD27,NAD83,08,08,085,US,  SWNES28 T51N  R10W  N,"OLATHE NW, CO",  24000,5200,M,5,NAVD88,14020006,09,C,YNNNYNNNNNNNNNNNNNNNNNNNNNNNNN,NA,NA,66.7,NA,MST,Y,NA,NNNNNNNN,NA,NA,NA,NA,NA,NA,0001100
USGS,385106106571000,"SLATE R AB BAXTER GL @HWY 135 NR CRESTED BUTTE, CO",ST,385106,1065710,38.85165929,-106.9533773,M,S,NAD27,NAD83,08,08,051,US,  SWNES12 T14S  R86W,CRESTED BUTTE,  24000,8810,M,20,NGVD29,14020001,NA,C,NNNNYNYNNYNNNNNNNNNNNNNNNNNNNN,NA,19950329,73.4,NA,MST,Y,NA,NYNNNNNN,NA,NA,NA,NA,NA,NA,460828400
USGS,394220106431500,"EAGLE RIVER BELOW MILK CREEK NEAR WOLCOTT, CO",ST,394218,1064333,39.705,-106.7258333,G,S,NAD83,NAD83,08,08,037,US,  SENES18 T004S R083W,"WOLCOTT, CO",  24000,6820,M,20,NGVD29,14010003,NA,C,NNNNYNYNNYNNNNNNNNNNNNNNNNNNNN,NA,20060401,600,NA,MST,Y,NA,NYNNNNNN,NA,NA,NA,NA,NA,NA,858200110
USGS,402114105350101,"BIG THOMPSON BL MORAINE PARK NR ESTES PARK, CO",ST,402114,1053501,40.3538729,-105.5841679,M,R,NAD27,NAD83,08,08,069,US,  SESWS33 T005N R073W,"LONGS PEAK, CO",  24000,8005,M,15,NGVD29,10190006,NA,NA,NNNNYNNNNNNNNNNNNNNNNNNNNNNNNN,NA,NA,39.8,NA,MST,Y,NA,NYNNNNNN,NA,NA,NA,NA,NA,NA,460825500
